id,ha,variety,sdate,hdate,yield21,lat,lon,field_area,perimeter,ratio,prediction,HIGH,LOW,clay_mean,sand_mean,silt_mean,occont_mean,var_code,len_season,peak_ndvi,trapezoidal_ndvi_sow2harvest,ndwi_sowingday
80,1.8,ARMONIA,2021-04-04,2021-09-27,2400.0,38.523235849616974,22.95943545947472,18165.26088245597,563.2320153506723,0.0310059965004214,0.0,25.4,10.8,39.3233184814453,15.1518783569336,45.5248031616211,18.3840198516846,0.0,176.0,0.7699999809265137,77.78242470473052,-0.3248571370329176
228,0.2,ST 402,2021-04-10,2021-09-27,3200.0,38.5315556679931,22.961721313875653,2063.8898926756247,240.5569376935026,0.1165551217374512,0.0,18.3,-0.9,33.8784484863281,21.5062103271484,44.6153411865234,12.6302289962769,11.0,170.0,0.8579999804496765,87.67015028276614,-0.3301142794745308
233,0.55,ST 402,2021-04-10,2021-09-27,2800.0,38.532873197004704,22.961702729136395,5531.405407478931,309.9823595039521,0.0560404339708728,0.0,18.3,-0.9,33.8784484863281,21.5062103271484,44.6153411865234,12.6302289962769,11.0,170.0,0.8949999809265137,84.5345712542534,-0.3497142953532082
230,0.55,ST 402,2021-04-10,2021-09-27,2880.0,38.53040587106413,22.96187739156893,5601.051970827395,304.2499684126391,0.0543201473575498,0.0,18.3,-0.9,36.4885292053223,18.5637588500977,44.9477119445801,12.3985185623169,11.0,170.0,0.8949999809265137,92.05798615451369,-0.3195142873695918
3,2.48,FIDEL,2021-04-11,2021-09-29,3060.0,38.517361922118816,22.994159510469554,25073.825896640778,646.8513049227912,0.0257978701610691,0.0,20.2,2.0,35.8037242429986,16.0691500146832,48.1271257423182,13.7760847259979,6.0,171.0,0.8529999852180481,79.35313516847872,-0.2868571400642395
6,1.61,FIDEL,2021-04-11,2021-09-28,4150.0,38.493920454614695,22.94288714202245,16202.693023941543,524.434556579736,0.0323671229100506,0.0,20.2,2.0,49.7375679016113,4.55631256103516,45.7061195373535,11.7056274414062,6.0,170.0,0.8949999809265137,84.01044457576106,-0.3184571504592895
39,2.47,FIDEL,2021-04-11,2021-10-07,2150.0,38.51384779893036,22.996561895492203,24937.45899565485,646.8002924177539,0.0259368964789256,0.0,20.2,2.0,33.7399749755859,16.2475738525391,50.012451171875,14.5117807388306,6.0,179.0,0.8050000071525574,81.00930816451618,-0.3251714272158486
35,2.0,FIDEL,2021-04-12,2021-09-27,2900.0,38.4714450144349,22.973105149601565,20223.19122664032,622.0850468875572,0.0307609733753629,0.0,23.7,4.2,47.2890234597318,7.17433838053649,45.5366381597318,11.2336493759262,6.0,168.0,0.7670000195503235,77.92626412574734,-0.3799428539616721
37,0.93,FIDEL,2021-04-12,2021-10-07,3600.0,38.5099554973526,22.96793253872203,9451.567278662827,452.8293573512725,0.0479105045756323,0.0,23.7,4.2,49.8656959533691,3.56047058105469,46.5738334655762,13.326696395874,6.0,178.0,0.8529999852180481,88.70428383455558,-0.3378857118742806
99,0.89,FIDEL,2021-04-12,2021-09-27,2800.0,38.473850720310615,22.96854930368379,8840.640404912447,493.2415028539421,0.0557925082644312,0.0,23.7,4.2,42.149653636633,12.4492316568918,45.4011147064752,11.507213640545,6.0,168.0,0.8899999856948853,92.50729347647548,-0.2909142902919224
185,1.73,FIDEL,2021-04-12,2021-09-17,2820.0,38.47898107717698,23.03158572637101,17468.10228693392,565.0988882569018,0.0323503308473063,0.0,23.7,4.2,38.236743927002,13.2216491699219,48.5416069030762,14.3974084854126,6.0,158.0,0.8600000143051147,78.9981707246618,-0.3052857145241329
191,1.0,FIDEL,2021-04-12,2021-09-19,3500.0,38.50053033483445,22.99408373118042,10199.24474495714,420.0226363164603,0.0411817391208436,0.0,23.7,4.2,26.9641227722168,20.2581634521484,52.7777137756348,18.6990165710449,6.0,160.0,0.7860000133514404,72.94601125163692,-0.3303142734936306
34,2.65,FIDEL,2021-04-12,2021-09-27,3000.0,38.471680716721,22.97860247927725,26759.774672009848,683.3932858812169,0.0255380807296569,0.0,23.7,4.2,47.3396687732528,7.09817958516179,45.5621516415854,11.3123618283443,6.0,168.0,0.8100000023841858,86.21016138004406,-0.294857154573713
1,6.93,FIDEL,2021-04-12,2021-09-21,4260.0,38.47450242634707,22.9859330816066,69961.00782606228,1067.2204184189766,0.0152545032094493,0.0,23.7,4.2,34.9993331508708,20.7618661428996,44.2388007062296,12.5724102858391,6.0,162.0,0.8619999885559082,79.1802998960018,-0.3043428472110203
268,0.97,ELPIDA,2021-04-12,2021-09-12,2400.0,38.5070786219735,22.95362190928121,9799.790933166332,401.2527286818437,0.0409450294826032,0.0,23.7,4.2,36.8248481750488,12.6103515625,50.5648002624512,25.6752166748047,4.0,153.0,0.8159999847412109,74.32127832566316,-0.3419428501810346
33,1.36,FIDEL,2021-04-13,2021-09-26,2200.0,38.49021916448193,23.00725148499509,13719.595534459611,476.4202359604431,0.0347255307026956,1.0,24.2,9.7,35.7746316590818,9.6912332802967,54.5341350606214,12.7485106143945,6.0,166.0,0.7929999828338623,80.11729956120253,-0.3400000035762787
190,1.66,ARMONIA,2021-04-14,2021-09-23,3200.0,38.513497828523626,22.99010299550809,16759.138682058834,570.6646184345618,0.0340509514994034,0.0,22.2,7.7,31.6236280553167,21.0890004694683,47.2873722809014,13.4297748556648,0.0,162.0,0.7009999752044678,66.22089509785175,-0.3170800113677978
189,0.76,FIDEL,2021-04-14,2021-09-23,3050.0,38.514607295446304,22.998987845455257,7672.518126453982,473.83289732895537,0.0617571558019827,0.0,22.2,7.7,33.7399749755859,16.2475738525391,50.012451171875,14.5117807388306,6.0,162.0,0.7269999980926514,65.57102840948563,-0.3430000030994414
188,0.48,FIDEL,2021-04-14,2021-09-23,3200.0,38.51387653811084,22.990489399566957,4870.737509519111,454.9763790699427,0.0934101618452567,0.0,22.2,7.7,32.697744003661,18.8885573415729,48.4136986795719,13.5405568087746,6.0,162.0,0.7120000123977661,69.43546955883502,-0.3359600031375885
273,2.52,ELPIDA,2021-04-14,2021-09-18,2000.0,38.5291514990599,22.979014346404668,25440.79364735932,708.0918720871043,0.0278329317041806,0.0,22.2,7.7,32.4605493749562,20.9550376874209,46.5844129376229,14.9510126630893,4.0,157.0,0.7120000123977661,68.35947377826159,-0.2534399974346161
276,1.26,DP 396,2021-04-14,2021-09-18,1800.0,38.530081797591706,22.978074342981383,12682.9813117072,456.6441251597198,0.0360044782797407,0.0,22.2,7.7,30.5460815429687,22.9087982177734,46.5451202392578,14.8209934234619,2.0,157.0,0.781000018119812,99.13183089994467,-0.4115999996662139
236,1.42,ST 463,2021-04-15,2021-09-13,0.0,38.47402607370712,22.941305867977032,14325.241149181264,533.7435757182905,0.0372589592147142,1.0,21.7,5.3,38.9333214696395,13.6405319348076,47.4261465955529,16.4662908325078,12.0,151.0,0.2809999883174896,32.026249775180105,-0.3785925949061358
260,1.82,FIDEL,2021-04-15,2021-09-14,2300.0,38.47804706495511,22.954359622402496,18330.398854029423,575.3639087107015,0.0313885100533,1.0,21.7,5.3,43.6227073669434,12.8480987548828,43.5291938781738,12.6486196517944,6.0,152.0,0.8059999942779541,74.05425942569971,-0.2925199997425079
229,0.6,ST 402,2021-04-15,2021-09-17,2400.0,38.52515889993959,22.95596416869741,6090.026624277665,461.4329324650102,0.0757686231822903,0.0,21.7,5.3,36.316882931127,18.803651124588,44.879465944285,15.898263055715,11.0,155.0,0.7829999923706055,68.17277558669447,-0.3438799941539764
154,3.15,FIDEL,2021-04-17,2021-09-26,5060.0,38.4780002203098,22.982800441075707,31828.59193320405,718.4174536542894,0.0225714494427516,0.0,13.9,10.9,37.2969706834049,19.5076338749047,43.1953954416904,12.1234186486779,6.0,162.0,0.8259999752044678,80.6603634481132,-0.2847599959373474
118,0.8,ST 402,2021-04-18,2021-09-23,3000.0,38.52640118467608,23.00920524231676,8111.980693172451,568.9591648001884,0.0701381310336524,0.0,20.7,11.4,35.8175996436357,18.1977631425937,45.9846372137706,13.987399545347,11.0,158.0,0.8230000138282776,85.8363998875022,-0.3037999987602234
270,4.13,ELPIDA,2021-04-18,2021-09-24,2600.0,38.51569286048412,22.96491178288383,41746.42002464984,866.6428685490647,0.02075969311949,0.0,20.7,11.4,35.164884206291,15.0210192136173,49.8140965800917,12.5979279459676,4.0,159.0,0.7379999756813049,79.20004970952868,-0.350600004196167
271,4.0,ST 402,2021-04-18,2021-09-24,2200.0,38.50642648669148,22.9626588472552,40350.43746972128,807.059578747272,0.0200012596976893,0.0,20.7,11.4,33.8819411502158,22.0685987820883,44.0494600676959,13.2292721199336,11.0,159.0,0.7710000276565552,75.52242280817948,-0.3047999858856201
119,1.8,ST 402,2021-04-18,2021-09-23,2900.0,38.52316107898474,23.002305422218104,18095.49481128174,568.0452221584135,0.0313915274537981,0.0,20.7,11.4,36.7947829232214,15.5263866242241,47.6788304525545,13.8402297077301,11.0,158.0,0.7440000176429749,64.91856136746131,-0.2217999994754791
52,2.75,ST 318,2021-04-19,2021-09-27,3700.0,38.47350207940309,23.02274491757209,27751.172659456184,670.5621361146784,0.0241633802053472,1.0,21.0,6.7,38.2643661499023,9.98851013183594,51.7471237182617,12.7179431915283,10.0,161.0,0.8569999933242798,93.22779437683523,-0.3024999916553497
120,1.29,ST 402,2021-04-19,2021-09-25,2000.0,38.52261701871991,22.99799056085325,12984.495085004331,487.7519944870644,0.037564186461926,1.0,21.0,6.7,37.2502174377441,15.1643524169922,47.5854301452637,13.5856294631958,11.0,159.0,0.621999979019165,58.33427171022845,-0.2612400013208388
19,0.29,FLORA,2021-04-19,2021-10-02,3400.0,38.509076342460006,23.016821966594755,3008.66801129973,231.63342643737255,0.076988695850596,1.0,21.0,6.7,34.3303451538086,19.3844528198242,46.2852020263672,13.1541557312012,7.0,166.0,0.7960000038146973,74.97087188474833,-0.3048599994182586
17,2.3,FLORA,2021-04-19,2021-09-17,2900.0,38.50740422340356,23.016189287577337,23204.353627323988,596.6868505174069,0.025714435321085,1.0,21.0,6.7,34.5572117338605,18.2308434337615,47.2119448323779,13.1307788889795,7.0,151.0,0.8080000281333923,69.00872023537755,-0.2982400053739547
16,2.74,CAMPO,2021-04-19,2021-09-21,3600.0,38.50332001756591,23.03479750674225,27665.572688383803,669.5274045817254,0.0242007426386241,1.0,21.0,6.7,31.0032443693533,19.577299809826,49.4194558208206,14.4369136169943,1.0,155.0,0.8769999742507935,89.53516967907548,-0.3252400135993957
76,3.15,ST 402,2021-04-19,2021-09-16,3000.0,38.45334170145287,23.00519912104152,31792.62774969153,977.2238193278974,0.0307374346978091,1.0,21.0,6.7,49.3866987806572,6.44574164923249,44.1675595701103,11.1347720626591,11.0,150.0,0.8000000119209291,70.79347212054792,-0.2461333294709523
55,1.33,FIDEL,2021-04-19,2021-09-20,4600.0,38.50466256542212,22.98289850655766,13382.262935086652,524.6148379494261,0.0392022515544774,1.0,21.0,6.7,28.9570636749268,24.8618240356445,46.1811141967773,19.3219451904297,6.0,154.0,0.8669999837875366,81.5700598490238,-0.3458599942922592
53,1.3,FIDEL,2021-04-19,2021-09-20,3800.0,38.47945425315245,22.981806886945694,13172.316409810674,567.2962011106447,0.0430673074849709,1.0,21.0,6.7,37.311619376067,19.8423442796383,42.8460363442947,12.1258774258315,6.0,154.0,0.8230000138282776,81.32973244537911,-0.3384666681289672
51,1.08,FIDEL,2021-04-19,2021-09-20,4600.0,38.47420207627864,22.97971742115984,10893.13908840269,417.6035946035842,0.0383363868958749,1.0,21.0,6.7,38.4933929195394,15.7799679262811,45.7266391541795,11.2787000775115,6.0,154.0,0.8489999771118164,80.39375682991175,-0.2680000066757202
49,3.97,FIDEL,2021-04-19,2021-09-21,4000.0,38.48405937653957,22.96396827915532,40089.94766778587,857.9048135753798,0.0213994994626731,1.0,21.0,6.7,42.3862074091074,14.8567408444215,42.7570517464711,12.2620455180664,6.0,155.0,0.8610000014305115,76.46912966905496,-0.2890000085035959
50,0.9,FIDEL,2021-04-19,2021-09-27,3600.0,38.48254125463964,23.04896973718089,9129.570359919995,478.5465747746899,0.0524172064958907,1.0,21.0,6.7,35.5375380798764,15.5192999663917,48.9431619537319,15.7636664983923,6.0,161.0,0.7760000228881836,77.30583168930241,-0.3315800070762635
73,6.0,ST 402,2021-04-20,2021-09-24,4400.0,38.45767743676386,23.00186484988183,60524.80777075448,1108.3253017518284,0.0183119177503174,0.0,21.7,7.4,48.0993692175934,8.45741774826561,43.4432130341409,11.5970717169379,11.0,157.0,0.8529999852180481,85.12091446753058,-0.2543199980258941
18,1.38,CAMPO,2021-04-20,2021-10-02,3300.0,38.48262970443042,22.988870250849462,13952.798674321652,542.9452211876505,0.0389129975900012,0.0,21.7,7.4,37.8371632147191,17.8549307631497,44.3079060221312,12.4968450322759,1.0,165.0,0.8820000290870667,89.88817494288088,-0.2893199956417083
15,1.21,ARMONIA,2021-04-20,2021-09-21,3000.0,38.49829848977046,23.00591161693057,12239.301164873725,558.6196852072634,0.0456414690415886,0.0,21.7,7.4,36.1347029331067,10.3107172693072,53.5545797975861,12.6782605373181,0.0,154.0,0.8389999866485596,78.10552979648114,-0.2740799987316131
58,1.1,LIDER,2021-04-20,2021-09-21,3600.0,38.47558250048398,23.04546801526489,11099.435989352856,432.78649587798463,0.0389917556435422,0.0,21.7,7.4,40.0755157470703,11.0426483154297,48.8818359375,16.3509254455566,8.0,154.0,0.8640000224113464,81.55055526022727,-0.2709999978542327
121,2.62,ARMONIA,2021-04-20,2021-09-24,3000.0,38.49068287911428,22.99574256989138,26375.49636148908,680.5448710725368,0.0258021635591359,0.0,21.7,7.4,41.9898818712527,1.91250551049129,56.097612618256,12.4140401266738,0.0,157.0,0.8330000042915344,79.94501686692237,-0.3079999983310699
117,1.85,ST 402,2021-04-20,2021-09-22,0.0,38.513600969147,23.00309533917873,18741.65412546763,630.3291507271475,0.0336325249899157,0.0,21.7,7.4,29.8716316223144,22.0937652587891,48.0346031188965,14.2906551361084,11.0,155.0,0.8980000019073486,45.36350470228837,-0.7662399768829345
155,1.7,FIDEL,2021-04-20,2021-09-15,3820.0,38.48969992890534,23.027077207634196,17268.574053503984,561.243229668854,0.0325008438988609,0.0,21.7,7.4,37.5337499137034,9.09934271306441,53.3669073732322,13.2024501228208,6.0,148.0,0.7910000085830688,75.43807922725166,-0.2996399927139282
128,0.9,ST 402,2021-04-20,2021-09-30,3280.0,38.46129949237798,23.046037824461035,9071.647535239988,385.9532973629312,0.0425450058397491,0.0,21.7,7.4,41.2404823303223,6.86248016357422,51.8970375061035,12.4387130737305,11.0,163.0,0.6499999761581421,66.48793499356934,-0.3620400059223175
161,2.06,ARMONIA,2021-04-20,2021-09-27,3000.0,38.5121093607009,22.965706236515157,20774.75802323309,663.6189709453097,0.0319435234914968,0.0,21.7,7.4,43.0185004117876,9.67445184758127,47.3070477406311,13.1934637246482,0.0,160.0,0.8040000200271606,80.14492070092604,-0.3271999931335449
70,0.97,ST 402,2021-04-21,2021-09-21,4050.0,38.50772589107573,22.977604829784923,9782.6487001196,496.0299581153321,0.0507050772567625,0.0,22.3,6.2,31.7753295898438,20.4316329956055,47.7930374145508,13.7488574981689,11.0,153.0,0.8337499871850014,74.22281949356199,-0.3185000020265578
72,1.5,FIDEL,2021-04-21,2021-10-05,3400.0,38.52174348718573,22.97543624354917,15653.869256347278,517.1839398282505,0.0330387287231586,0.0,22.3,6.2,39.7738456726074,15.5384979248047,44.6876564025879,12.1847944259644,6.0,167.0,0.8230000138282776,84.1639594398439,-0.286699994802475
9,3.0,FIDEL,2021-04-21,2021-09-18,3000.0,38.47914591464106,22.97319819988459,30327.8218621262,716.6453366449746,0.0236299639289272,0.0,22.3,6.2,35.9370728804079,20.6163587807659,43.4465683388262,11.7364498067015,6.0,150.0,0.7919999957084656,68.73108527894532,-0.3018000066280365
71,1.55,FIDEL,2021-04-21,2021-09-30,3200.0,38.48051082710074,22.9752886200708,15662.061721536114,619.427236520358,0.039549533613995,0.0,22.3,6.2,35.6207621223142,21.3370244636501,43.0422134140357,11.9647138341736,6.0,162.0,0.8199999928474426,82.30731811683093,-0.3160000145435333
75,1.8,ST 402,2021-04-21,2021-10-03,4470.0,38.45627251351209,23.001509209582235,18129.346830115883,816.9911532005873,0.0450645663551114,0.0,22.3,6.2,47.0178400833768,8.38728127804456,44.5948786385786,11.5998242783843,11.0,165.0,0.8700000047683716,90.65018838714276,-0.239960001707077
235,5.28,ST 402,2021-04-21,2021-09-13,3600.0,38.438654607670586,22.965645481000923,62602.03090918009,1168.6356563023894,0.0186676955895853,0.0,22.3,6.2,40.3634346355709,12.9816642578303,46.6549011065989,11.3901203840454,11.0,145.0,0.7749999761581421,68.88168258262533,-0.3611999988555908
156,0.88,FIDEL,2021-04-21,2021-09-17,3700.0,38.49158096779832,23.0381697680224,8838.542535989616,493.8247549039059,0.0558717404926325,0.0,22.3,6.2,33.5324516296387,12.2006072998047,54.2669410705566,13.4277420043945,6.0,149.0,0.8249999880790709,76.9006908276677,-0.2894000071287154
134,1.94,ST 402,2021-04-22,2021-09-25,3200.0,38.46268793883495,23.034024460654265,19658.77045207679,595.1661423232555,0.0302748406251613,0.0,25.2,5.9,37.4180335998535,9.75912475585938,52.8228416442871,12.4210739135742,11.0,156.0,0.8539999723434448,80.78911016340112,-0.2487200015783309
148,2.28,ST 402,2021-04-22,2021-09-12,2200.0,38.46199657454212,23.050582734852,23050.598421876177,623.4970700979698,0.0270490621842702,0.0,25.2,5.9,36.9514961242676,9.26276397705078,53.7857398986816,12.9998788833618,11.0,143.0,0.640999972820282,62.93446108589461,-0.2355999946594238
122,2.4,ST 402,2021-04-22,2021-09-26,3400.0,38.50576122011566,23.016156270533088,24224.085256667862,639.6842373827373,0.0264069512059969,0.0,25.2,5.9,34.5385902675194,18.0485161701274,47.4128935623531,13.1036006172012,11.0,157.0,0.8259999752044678,74.43610636546062,-0.2982799935340881
159,2.98,ST 402,2021-04-22,2021-09-15,3300.0,38.508442234972776,22.97026168745436,30101.50239408341,745.6398177736633,0.0247708505712399,0.0,25.2,5.9,43.3709133818581,11.3891274118318,45.2399592063101,13.2183534728403,11.0,146.0,0.8249999880790709,69.2146203225851,-0.2851599967479706
147,1.34,ST 402,2021-04-22,2021-09-22,2700.0,38.455195205594,23.06173441361842,13582.962923619592,466.94732852112537,0.0343774278960258,0.0,25.2,5.9,29.9014701843262,17.4157867431641,52.6827430725098,13.6971044540405,11.0,153.0,0.6000000238418579,59.00545505851507,-0.2354399979114532
146,2.75,ST 402,2021-04-22,2021-09-22,4500.0,38.463044740241855,23.054104354876557,27676.822819741443,717.9282625005177,0.025939692109039,0.0,25.2,5.9,35.8832603197217,10.0054664106373,54.1112732678132,12.950119809624,11.0,153.0,0.8579999804496765,77.63669556386196,-0.2372000014781951
133,0.48,ST 402,2021-04-22,2021-09-25,2900.0,38.47659065035343,23.052103850168184,4768.12553356445,314.0282127420286,0.06585988781786,0.0,25.2,5.9,35.5311737060547,12.7274703979492,51.7413558959961,16.5847606658936,11.0,156.0,0.7509999871253967,83.90573961347341,-0.3293199920654297
67,3.52,ST 402,2021-04-22,2021-09-28,3600.0,38.464564094169056,23.03917901309774,35551.161529241246,754.2136094838734,0.0212148795437674,0.0,25.2,5.9,41.6386152085436,6.8399080065384,51.521476784918,12.4376715507259,11.0,159.0,0.8500000238418579,87.4119326203423,-0.2750400030612945
232,1.23,ST 402,2021-04-22,2021-09-15,2800.0,38.50869130119829,22.972190833219667,12391.486246797713,445.44394584199415,0.0359475802151746,0.0,25.2,5.9,40.37939453125,14.9950332641602,44.6255722045898,13.1684503555298,11.0,146.0,0.8709999918937683,73.52404031574724,-0.2865999972820282
10,0.62,FIDEL,2021-04-22,2021-09-16,1800.0,38.423754531709626,22.979456285072448,6302.85415840492,352.6812302345978,0.0559557973849504,1.0,25.2,5.9,43.2187714212595,9.79518039584595,46.9860481828945,11.205342792821,6.0,147.0,0.8159999847412109,75.7698074683547,-0.3161333322525024
68,0.95,LIDER,2021-04-22,2021-09-22,3800.0,38.473518200022895,23.042422837293397,9625.162294902517,483.9759599141222,0.0502823687628037,0.0,25.2,5.9,38.6768537397789,12.4815413444874,48.8416049157338,14.8194436991627,8.0,153.0,0.8809999823570251,84.56635536961831,-0.2550799971818924
12,0.58,FIDEL,2021-04-22,2021-09-25,4200.0,38.49480276855371,23.03305689972371,5853.87586331126,320.0239248061335,0.0546687241545144,0.0,25.2,5.9,31.0532722473145,13.9122314453125,55.034496307373,14.9488162994385,6.0,156.0,0.8759999871253967,84.9687301775813,-0.2565600025653839
258,1.25,FIDEL,2021-04-22,2021-09-18,2400.0,38.50158000094332,22.96093201547138,12575.811941511723,436.7895514587193,0.0347325129773062,0.0,25.2,5.9,31.4262542724609,27.5399932861328,41.0337524414062,35.1155242919922,6.0,149.0,0.7390000224113464,71.07648027181625,-0.3112000000476837
123,1.46,ST 402,2021-04-23,2021-09-29,3300.0,38.52312367615538,23.00005700460328,14848.325277195008,534.6485730631384,0.0360073316742518,0.0,24.5,12.3,37.2502174377441,15.1643524169922,47.5854301452637,13.5856294631958,11.0,159.0,0.8709999918937683,85.73814809700616,-0.2534999907016754
126,0.48,ST 402,2021-04-23,2021-09-25,3200.0,38.47767240072878,22.995589798636438,4848.950279682675,337.6980102728488,0.069643529175339,0.0,24.5,12.3,40.2474670410156,15.3033599853516,44.4491729736328,12.1092414855957,11.0,155.0,0.8119999766349792,83.4699641726911,-0.3573000103235245
266,0.91,FIDEL,2021-04-23,2021-09-22,1800.0,38.514366866897326,22.99580319940021,9201.596116665718,476.506799104925,0.0517852330251582,0.0,24.5,12.3,33.7399749755859,16.2475738525391,50.012451171875,14.5117807388306,6.0,152.0,0.7229999899864197,64.98139941162214,-0.2659000068902969
135,1.18,LIDER,2021-04-23,2021-09-28,3100.0,38.47593702564357,23.00615213234765,11785.35306032475,495.14980746045455,0.0420139986410225,0.0,24.5,12.3,41.1799850463867,12.7528839111328,46.0671310424805,13.3403539657593,8.0,158.0,0.8050000071525574,75.65355552992486,-0.3009000092744827
261,1.07,FIDEL,2021-04-23,2021-09-22,2800.0,38.5168620915411,22.999118978382075,10754.57776127501,494.4264115296948,0.045973577252844,0.0,24.5,12.3,36.6225583702894,15.7112709511202,47.6661706785903,14.3685169479952,6.0,152.0,0.8090000152587891,72.71527536946994,-0.3139999985694885
243,1.22,LIDER,2021-04-23,2021-09-30,4160.0,38.49834512438592,22.96815021967928,12662.717046658923,467.0207187634837,0.0368815568603981,0.0,24.5,12.3,29.4026915815411,25.530919298173,45.0663906569945,20.4542157214156,8.0,160.0,0.9039999842643738,84.75325043871999,-0.2822000056505203
157,1.39,FIDEL,2021-04-23,2021-09-29,3380.0,38.46998105292072,23.01550766733441,13990.383692701194,519.7693048799983,0.037151897781843,0.0,24.5,12.3,40.748405456543,13.8871307373047,45.3644638061523,12.4933128356934,6.0,159.0,0.7540000081062317,81.4360070469124,-0.3239999920129776
237,0.95,ST 463,2021-04-23,2021-09-17,4650.0,38.51217751998934,23.025507521652862,9594.061005505851,492.3378625596629,0.0513169409989283,0.0,24.5,12.3,36.7343254089355,17.7440338134766,45.5216407775879,13.8886184692383,12.0,147.0,0.8029999732971191,80.52400030568243,-0.3267999917268753
165,2.53,FIDEL,2021-04-23,2021-09-14,3280.0,38.45399225437095,23.0612439749076,25549.55322029445,658.1668519430384,0.0257604055252224,0.0,24.5,12.3,29.9176270046796,17.3904450715491,52.6919279237714,13.6963179380669,6.0,144.0,0.6899999976158142,52.58385052680969,-0.251600007712841
241,1.14,LIDER,2021-04-24,2021-09-22,2480.0,38.43355601015629,23.020238930351034,11532.75391252078,476.1080574520448,0.0412831194581502,0.0,14.6,12.3,41.7696533203125,16.6493682861328,41.5809783935547,11.2547016143799,8.0,151.0,0.8040000200271606,73.04412503987551,-0.2777999997138977
124,2.3,ELPIDA,2021-04-24,2021-09-28,3400.0,38.49446225064446,23.048255869792182,23803.5076913213,613.1120701053435,0.0257572151993751,0.0,14.6,12.3,36.1554268490547,13.879532377564,49.9650407733813,15.8975009622127,4.0,157.0,0.8420000076293945,77.1735228532127,-0.2428000003099441
262,1.65,FIDEL,2021-04-25,2021-09-20,2400.0,38.50018608632931,22.976089815839224,16689.42870485235,585.7550255074091,0.0350973682722347,1.0,17.0,10.1,33.0327262878418,25.0580520629883,41.9092216491699,16.504430195309105,6.0,148.0,0.7369999885559082,69.9971997179091,-0.3420000076293945
145,0.55,ST 402,2021-04-25,2021-09-16,3500.0,38.49694689862712,23.028779293677143,5537.216263826023,436.5934453181852,0.0788471001521826,1.0,17.0,10.1,36.4406509399414,8.67662048339844,54.8827285766601,12.7461452484131,11.0,144.0,0.7549999952316284,68.98622518342275,-0.2860000133514404
269,1.73,ELPIDA,2021-04-25,2021-09-17,2500.0,38.482529630479895,23.01988208761122,17434.251576093717,566.4850882221074,0.0324926530829052,1.0,17.0,10.1,38.4740095461775,6.79684476174403,54.7291456920785,13.4393656356902,4.0,145.0,0.6430000066757202,68.9874242901802,-0.3945000022649765
171,1.25,FIDEL,2021-04-25,2021-09-28,4000.0,38.49407432828314,22.92062865160492,12527.389360854177,463.28932228277154,0.0369821124687372,1.0,17.0,10.1,41.1873636237523,8.26741266949466,50.5452237067531,11.4734533140807,6.0,156.0,0.8669999837875366,85.26052175249372,-0.3184999972581863
234,2.18,FIDEL,2021-04-25,2021-09-09,2100.0,38.45611049103802,23.07045011322414,22000.8298434254,658.4236935924184,0.0299272208493161,1.0,17.0,10.1,31.8793493093524,12.814279898821,55.3063705753012,13.3050072096024,6.0,137.0,0.8989999890327454,74.28631366870232,-0.2590000033378601
274,1.39,DP 396,2021-04-25,2021-09-20,2300.0,38.50100725872304,22.975588651695904,14044.501914240223,698.2114518775049,0.0497142195672716,1.0,17.0,10.1,33.0327262878418,25.0580520629883,41.9092216491699,16.416957043474156,2.0,148.0,0.6359999775886536,68.5540497496724,-0.4395000040531158
149,3.02,ELSA,2021-04-25,2021-09-10,3100.0,38.46249074395559,22.96723564360404,30561.179389271125,731.0379622070453,0.0239204761339703,2.0,17.0,10.1,39.9878187016113,11.5733016599029,48.4388796384858,11.4788195012696,5.0,138.0,0.7910000085830688,63.69740015342831,-0.2810000032186507
172,1.33,ST 402,2021-04-25,2021-09-27,3300.0,38.49576147000427,22.94050857304095,13475.655781201482,665.3022566426044,0.0493706775718254,1.0,17.0,10.1,49.7375679016113,4.55631256103516,45.7061195373535,11.7056274414062,11.0,155.0,0.8640000224113464,76.98215632186488,-0.3193333248297373
281,1.15,ST 402,2021-04-25,2021-09-30,4100.0,38.512173510631726,22.989274779264537,11603.216752826424,575.0598419757325,0.0495603809034812,2.0,17.0,10.1,30.1082706451416,24.1933746337891,45.698356628418,13.2734842300415,11.0,158.0,0.777999997138977,77.5650123782456,-0.2900000065565109
115,1.32,ST 402,2021-04-25,2021-09-20,2900.0,38.51946099656516,23.006224969566496,13357.009906357656,500.58210924021125,0.0374771084808393,1.0,17.0,10.1,32.839491889433,19.1137852182265,48.0467228923404,14.3915968732646,11.0,148.0,0.7490000128746033,60.12491599327097,-0.3699999898672103
142,1.8,ST 318,2021-04-26,2021-09-17,1800.0,38.47712664168025,23.034562216216063,18106.9186293652,578.0977243790251,0.0319268969067705,2.0,23.6,6.6,39.9155654907227,9.61344909667969,50.4709854125977,14.5755891799927,10.0,144.0,0.7490000128746033,69.70559248523071,-0.2671999990940094
116,0.97,ARMONIA,2021-04-26,2021-09-22,2500.0,38.537082766292464,22.993096407264584,9817.00280543918,504.98084704813857,0.051439411504329,2.0,23.6,6.6,36.4950724521844,17.599455891338,45.9054716564776,15.0238349570886,0.0,149.0,0.675000011920929,62.99122068037589,-0.4018666684627532
170,1.28,ST 402,2021-04-27,2021-09-23,3500.0,38.47840092520529,22.99504320087529,12956.867896816071,593.8717425536919,0.0458345139645689,3.0,28.3,10.9,40.2474670410156,15.3033599853516,44.4491729736328,12.1092414855957,11.0,149.0,0.8370000123977661,79.83973979181148,-0.3185000091791152
22,1.73,ST 402,2021-04-27,2021-09-25,4320.0,38.491745682749965,23.043431889294705,17430.90749013178,549.7550228664044,0.031539093600126,3.0,28.3,10.9,30.7385921478271,15.393440246582,53.8679656982422,15.1683149337769,11.0,151.0,0.8230000138282776,80.09385719203523,-0.2744000107049942
247,2.6,ST 402,2021-04-27,2021-09-23,3200.0,38.50342722669713,22.874041138234425,26219.384567704103,666.8176187708841,0.0254322376274323,3.0,28.3,10.9,34.959587097168,21.658447265625,43.381965637207,12.1569833755493,11.0,149.0,0.8309999704360962,71.77754928395152,-0.2972999960184097
160,0.35,ST 402,2021-04-27,2021-09-12,2200.0,38.490949429632266,22.97229756914129,3575.2505075855297,278.75855877668903,0.0779689585905248,3.0,28.3,10.9,31.9687030594787,29.9594385391581,38.0718584013632,17.7654922580891,11.0,138.0,0.7799999713897705,62.68333427734101,-0.3255999892950058
130,0.43,ST 402,2021-04-28,2021-09-24,2980.0,38.47813951375774,22.984453251045583,4297.005553272338,262.2410920361542,0.0610287998898319,3.0,29.1,10.9,38.3520622253418,19.345588684082,42.3023490905762,12.0841817855835,11.0,149.0,0.8799999952316284,80.16000026166438,-0.3263999938964844
7,3.95,FIDEL,2021-04-28,2021-09-19,3170.0,38.487263483078806,23.006943958716715,39915.534310278665,800.5770732505756,0.0200567795742726,3.0,29.1,10.9,39.3823564125384,6.25115222707157,54.3664913603901,12.2693342944463,6.0,144.0,0.8410000205039978,77.9967753097415,-0.3037999927997589
92,2.04,ST 402,2021-04-28,2021-09-26,3070.0,38.50399882689677,23.002420254354348,20617.371057557317,575.979012420159,0.0279365885598219,3.0,29.1,10.9,31.6333522796631,21.9472579956055,46.4193878173828,12.966968536377,11.0,151.0,0.8249999880790709,72.38700827222603,-0.3041999936103821
129,0.46,ST 402,2021-04-28,2021-09-30,2920.0,38.48730037233088,22.977974933063077,4725.826640868193,324.95235582454865,0.0687609555996855,3.0,29.1,10.9,34.383984188032,26.9174222769343,38.6985943107338,18.4157861635639,11.0,155.0,0.7649999856948853,69.28643701784313,-0.3150000095367432
277,1.34,DP 397,2021-04-28,2021-09-24,2800.0,38.507194558763885,22.96122636549994,13503.46441815119,503.60765017022993,0.037294699684126,3.0,29.1,10.9,33.4707145690918,22.0161743164062,44.513111114502,13.2277498245239,3.0,149.0,0.8450000286102295,79.13109990644912,-0.2832000076770782
64,1.11,ST 402,2021-04-28,2021-09-20,3920.0,38.488987596196615,23.005708385007253,11235.02155715857,527.3412434200188,0.0469372702791135,3.0,29.1,10.9,42.8965341386494,1.94754914384359,55.155916717507,12.6236704198883,11.0,145.0,0.8579999804496765,77.43212547153234,-0.2781999945640564
93,1.17,ST 402,2021-04-28,2021-09-24,4310.0,38.4821993863802,23.027231725502336,11820.266218981898,435.0281083748593,0.0368035795738895,3.0,29.1,10.9,36.8725738525391,12.0067749023438,51.1206512451172,13.7879524230957,11.0,149.0,0.8220000267028809,80.76830021739008,-0.3076000094413757
244,0.98,LIDER,2021-04-28,2021-09-30,3140.0,38.51019618261482,22.95450790381681,9897.666117128343,405.8975809066347,0.0410094234442007,3.0,29.1,10.9,37.6180381774902,18.9203872680664,43.4615745544434,12.7521057128906,8.0,155.0,0.8899999856948853,91.55165351239536,-0.3118000090122222
259,1.6,FIDEL,2021-04-28,2021-09-24,2000.0,38.50631047757855,22.95950979871547,16160.355502130147,771.4394729975472,0.0477365409997237,3.0,29.1,10.9,33.4849072419169,21.9763745407621,44.5387182173209,13.2804200055892,6.0,149.0,0.7969999909400941,78.70853827011126,-0.2824000060558319
62,0.93,ST 402,2021-04-29,2021-10-05,4100.0,38.49158164141866,23.038677867739747,9443.337264620097,508.9404363474301,0.0538941289594939,3.0,27.2,11.8,33.5324516296387,12.2006072998047,54.2669410705566,13.4277420043945,11.0,159.0,0.8450000286102295,85.36233639121056,-0.3124000036716461
61,0.82,LIDER,2021-04-29,2021-09-16,2000.0,38.50563015020547,23.01001743393852,8311.610404272344,401.084924910429,0.0482559823429961,3.0,27.2,11.8,35.7862488832682,9.86158024750953,54.3521708692223,12.6095744482037,8.0,140.0,0.6269999742507935,50.00054005764426,-0.3411599946022034
245,0.83,LIDER,2021-04-29,2021-09-26,4960.0,38.48349518526676,22.98784847492985,8457.66261491541,403.8488154987872,0.0477494591456727,3.0,27.2,11.8,36.6753076683627,16.7641064069624,46.5605859246749,16.2381311861094,8.0,150.0,0.8560000061988831,84.56800759598613,-0.3249200010299682
20,0.7,ST 402,2021-04-29,2021-09-21,4800.0,38.4833218565133,22.95467667906169,7123.380612185236,351.92955409246724,0.049404850484959,3.0,27.2,11.8,35.4524345397949,17.5154571533203,47.0321083068848,14.3156976699829,11.0,145.0,0.7799999713897705,73.34424591700235,-0.3829999935626983
21,2.1,ST 402,2021-04-29,2021-09-17,3530.0,38.489617901790375,22.99940806325592,21237.55528380989,623.2186332169722,0.0293451211727779,3.0,27.2,11.8,42.5781398578682,1.2069564775154,56.2149036646164,12.4556982494262,11.0,141.0,0.8270000219345093,70.9490302363038,-0.3077599990367889
267,0.95,ELPIDA,2021-04-29,2021-09-17,2500.0,38.48073471452101,23.01976460289056,9576.965450737816,477.5206905022846,0.0498613775896514,3.0,27.2,11.8,38.3424186706543,6.83673858642578,54.8208427429199,13.4919157028198,4.0,141.0,0.7870000004768372,70.67753006011247,-0.2854000020027161
175,1.54,ST 402,2021-04-29,2021-09-27,3500.0,38.53226052731642,23.059217290807688,15649.107800574444,596.6362584208182,0.0381258961229033,3.0,27.2,11.8,34.7599553742878,24.4485179890553,40.7915266366569,14.7584158289895,11.0,151.0,0.8460000157356262,75.70373738851399,-0.5088899859786034
174,3.15,FIDEL,2021-04-29,2021-09-24,3860.0,38.52973721218145,23.05852468951927,31780.78387582001,719.8827279826643,0.022651509503212,3.0,27.2,11.8,33.50927734375,28.4458923339844,38.0448303222656,27.3033905029297,6.0,148.0,0.8450000286102295,74.06788512401283,-0.5007750028371811
166,2.6,FIDEL,2021-04-29,2021-09-25,3600.0,38.51526548277021,22.980604122717374,26310.583879158872,972.8331797766492,0.0369749749471447,3.0,27.2,11.8,26.8959371410048,26.3698710496662,46.7341924745072,13.4701465655603,6.0,149.0,0.8149999976158142,74.50011798374928,-0.3027200067043304
26,2.8,ST 318,2021-04-29,2021-09-16,3700.0,38.50898623843879,22.977286138303207,28240.90225016565,738.61385606126,0.0261540459833193,3.0,27.2,11.8,31.7753295898438,20.4316329956055,47.7930374145508,13.7488574981689,10.0,140.0,0.7960000038146973,67.4974198167026,-0.2766800081729888
24,0.4,ST 402,2021-04-29,2021-09-28,2530.0,38.51364090636407,22.986397373473448,4114.472711343156,314.6937693628134,0.0764845926660873,3.0,27.2,11.8,31.607185265904,22.6467765048569,45.746037841258,13.5215200594351,11.0,152.0,0.6859999895095825,63.40831020802259,-0.3210000050067901
65,1.56,FIDEL,2021-04-29,2021-09-21,6960.0,38.49218023432991,22.995365266418705,15795.46728193198,508.56557348121896,0.0321969312084203,3.0,27.2,11.8,43.1630969907123,2.37778822119203,54.4591147880957,12.2971687221657,6.0,145.0,0.903600013256073,85.93244050512712,-0.3016266735394796
127,0.77,LIDER,2021-04-29,2021-09-23,3300.0,38.51908146910115,22.97326851777176,7741.53131396251,396.2240692331792,0.0511816142264457,3.0,27.2,11.8,33.750057220459,22.3147888183594,43.9351539611816,12.0852565765381,8.0,147.0,0.6809999942779541,66.5880501632507,-0.3501999950408935
125,0.12,ELPIDA,2021-04-29,2021-09-23,3400.0,38.47057551261776,22.98933512290308,1554.6696239731598,163.01550693673803,0.1048554010595066,3.0,27.2,11.8,35.1620712280273,24.5720138549805,40.2659149169922,13.3810195922852,4.0,147.0,0.9089999794960022,86.3269491571188,-0.290773336092631
25,0.95,ST 402,2021-04-29,2021-09-28,2530.0,38.5136487892867,22.985757987436624,9590.913470164984,406.7343986886983,0.0424083065657875,3.0,27.2,11.8,31.7877411600986,22.5019138963785,45.7103446145929,13.5255692553031,11.0,152.0,0.7789999842643738,77.59013928875326,-0.3167999899387359
96,2.87,ST 402,2021-04-29,2021-09-30,3870.0,38.51518476258556,22.99453282865281,29014.644628303253,686.6465032068962,0.0236655148461506,3.0,27.2,11.8,33.3978150432669,17.1202182746204,49.4819666821127,14.1833346522246,11.0,154.0,0.8629999756813049,78.5469173707068,-0.2645600032806397
132,0.91,ST 402,2021-04-29,2021-09-30,3000.0,38.45916591726515,23.0452387969936,9266.94837501128,465.3902935683812,0.0502204474153892,3.0,27.2,11.8,44.1244316101074,7.331298828125,48.5442695617676,11.4856204986572,11.0,154.0,0.8138000011444092,79.18127230820912,-0.3138400077819824
86,2.53,ST 402,2021-04-29,2021-09-28,3270.0,38.48731367579268,23.013580451180893,25518.52348634706,676.9887766174456,0.0265293082877482,3.0,27.2,11.8,40.6883663090103,6.26307999942082,53.0485536915688,13.2015545969625,11.0,152.0,0.8629999756813049,82.9649497666955,-0.2651849897205829
23,1.07,ST 402,2021-04-29,2021-09-18,2900.0,38.51851984151057,23.002328867904065,10809.688181607307,482.6976147799329,0.044654166398735,3.0,27.2,11.8,32.7797012329102,19.2132415771484,48.0070571899414,14.4078102111816,11.0,142.0,0.6930000185966492,63.57906558989332,-0.3151999962329864
88,2.41,ST 402,2021-04-29,2021-09-21,3640.0,38.47843821581736,22.97673030786257,24309.525921060453,659.9682213122483,0.0271485434744939,3.0,27.2,11.8,37.2605585603713,17.6981501543294,45.0412912852993,11.6171889349624,11.0,145.0,0.8569999933242798,81.2508371256079,-0.2955600094795227
90,0.92,ST 402,2021-04-29,2021-10-02,3000.0,38.481335864474936,22.99310425422619,9290.429969704044,396.6819993152439,0.0426979160930999,3.0,27.2,11.8,38.8303562363823,16.4972137967489,44.6724299668688,12.3018524505101,11.0,156.0,0.8289999961853027,85.40729982552784,-0.3071999931335449
91,2.27,ST 402,2021-04-29,2021-09-27,3720.0,38.48262708383342,23.00147721602344,22962.983282782,636.3294749704271,0.0277110977756778,3.0,27.2,11.8,41.1276054382324,15.8398742675781,43.0325202941895,12.1679964065552,11.0,151.0,0.8059999942779541,79.35564000606536,-0.2950799985726674
144,2.08,OLIVIA,2021-04-29,2021-09-23,2100.0,38.47349469719018,22.983253933770587,21117.30538930607,613.7837152887303,0.0290654372787332,3.0,27.2,11.8,34.828127017081,20.0471826535286,45.1246903293905,12.173954068976,9.0,147.0,0.7289999961853028,69.1741825317485,-0.2923599958419799
47,4.46,FIDEL,2021-04-30,2021-09-26,2900.0,38.477125560650535,23.025116512438743,45066.24574859533,850.9885152476699,0.0188830576213283,3.0,33.5,11.6,39.1428577932949,10.8916264223324,49.9655157843727,13.3838418438697,6.0,149.0,0.7950000166893005,78.89991486549377,-0.2918799877166748
46,2.39,FIDEL,2021-04-30,2021-09-19,3200.0,38.47548398255759,22.96452583396724,24104.618868216952,641.3458692486969,0.0266067624945665,3.0,33.5,11.6,38.8828962108189,15.6201388742967,45.4969649148844,11.6589792053704,6.0,142.0,0.8320000171661377,77.34307637329286,-0.3056400072574615
131,1.0,ST 402,2021-04-30,2021-09-25,3100.0,38.464587708609855,23.03227846713157,10145.126477236528,485.99633929633046,0.0479044140442015,3.0,33.5,11.6,37.4180335998535,9.75912475585938,52.8228416442871,12.4210739135742,11.0,148.0,0.8190000057220459,71.17277431304966,-0.2629999983310699
113,0.69,FIDEL,2021-04-30,2021-09-30,3000.0,38.47351919731173,23.033456570875824,6857.695223207254,459.68799601318096,0.067032433062575,3.0,33.5,11.6,36.1985664367676,12.2467346191406,51.5546989440918,14.0074396133423,6.0,153.0,0.7580000162124634,78.2867553396523,-0.2727200090885162
31,0.86,FIDEL,2021-04-30,2021-09-30,3000.0,38.47353360884261,23.033914033263272,8748.7919032252,478.3676930799568,0.0546781428077639,3.0,33.5,11.6,36.1985664367676,12.2467346191406,51.5546989440918,14.0074396133423,6.0,153.0,0.8529999852180481,86.09974485546351,-0.2743200027942657
27,1.77,FIDEL,2021-04-30,2021-09-30,4950.0,38.468173103180256,23.048742343778752,17833.0198546778,568.8366728814996,0.0318979442358601,3.0,33.5,11.6,32.3726222317811,11.9962303229579,55.6311466126109,12.9928475419807,6.0,153.0,0.847000002861023,83.58936101119106,-0.2942400002479552
13,0.97,ST 402,2021-04-30,2021-09-21,3130.0,38.475022137243286,23.003541041357924,9804.778987437534,520.2384487256888,0.0530596813443984,3.0,33.5,11.6,39.3048970727889,16.0878551141623,44.6072478130489,13.3122514691952,11.0,144.0,0.7820000052452087,73.93551634275079,-0.3245999944210052
11,1.19,FIDEL,2021-04-30,2021-09-18,3300.0,38.49075350506152,22.93235269378443,12045.873971841094,538.2301966183803,0.0446817057754853,3.0,33.5,11.6,41.5468482971191,13.000862121582,45.4522895812988,12.1343250274658,6.0,141.0,0.8370000123977661,71.08106264110123,-0.2990799939632415
38,0.87,FIDEL,2021-04-30,2021-10-01,2150.0,38.4923198549006,23.010507533666388,8796.699607297436,383.9995136279457,0.0436526800698517,3.0,33.5,11.6,34.5505114071917,11.7938475649931,53.6556410278152,12.728973952418,6.0,154.0,0.7559999823570251,74.07925947517157,-0.2766399979591369
28,0.89,FIDEL,2021-04-30,2021-09-20,3770.0,38.46837330719302,22.99455739814154,9063.188779211529,394.08191592204514,0.0434815963257833,3.0,33.5,11.6,33.4819793701172,22.4661483764648,44.051872253418,13.4377937316895,6.0,143.0,0.7739999890327454,69.84079367463077,-0.3071600008010864
8,1.44,FIDEL,2021-04-30,2021-09-22,3000.0,38.50165734887844,23.01848770059262,14575.69584335345,560.249499037296,0.038437238609968,3.0,33.5,11.6,34.7187385559082,12.4269027709961,52.8543586730957,12.7900400161743,6.0,145.0,0.8429999947547913,72.27026019722223,-0.3114800012111663
30,1.77,FIDEL,2021-04-30,2021-09-30,3810.0,38.46814198418655,23.045474415310814,17891.85457136814,570.2589930219514,0.0318725479657386,3.0,33.5,11.6,32.6166534423828,10.7096557617188,56.6736907958984,12.2097101211548,6.0,153.0,0.7630000114440918,78.79125270389021,-0.286320000886917
40,1.75,ELPIDA,2021-04-30,2021-09-07,1800.0,38.45519776598676,23.0554857788757,17640.939860605482,534.5724430007388,0.0303029457174506,3.0,33.5,11.6,35.617992401123,9.50924682617188,54.8727607727051,11.4417572021484,4.0,130.0,0.597000002861023,49.08761243641376,-0.2669999969005584
14,1.01,ST 402,2021-04-30,2021-10-03,3000.0,38.47364538394389,23.00169749316101,10147.809899446444,508.50750289565633,0.0501100737927101,3.0,33.5,11.6,36.5999908447266,19.1731948852539,44.2268142700195,13.2032308578491,11.0,156.0,0.8199999928474426,84.11926203598033,-0.2873999977111816
41,1.35,FIDEL,2021-05-01,2021-09-25,4700.0,38.49069224082472,22.998625155795107,13660.358324631936,550.3307143275766,0.0402866968237017,2.0,32.6,15.1,41.310676574707,1.52581024169922,57.1635131835938,12.4839029312134,6.0,147.0,0.8519999980926514,78.8899803352356,-0.2898799979686737
43,2.15,FIDEL,2021-05-01,2021-09-18,2500.0,38.50685264153362,23.0139315005575,21747.7610698102,605.0436673269907,0.0278209635182584,2.0,32.6,15.1,34.9420013427734,16.2742004394531,48.7837982177734,13.0911293029785,6.0,140.0,0.6639999747276306,59.295987565488765,-0.2700799977779388
242,0.5,LIDER,2021-05-01,2021-09-20,1250.0,38.48612884535832,23.008102584308183,5035.347251865994,347.1215289814876,0.0689369593830597,2.0,32.6,15.1,39.2798271179199,6.50898742675781,54.2111854553223,12.3675479888916,8.0,142.0,0.8180000185966492,71.31492720723152,-0.2929733320077259
79,1.46,FIDEL,2021-05-01,2021-09-27,3010.0,38.45631031158933,23.051905400051044,14733.276279539405,485.64947056879305,0.0329627613949811,2.0,32.6,15.1,36.8759045372664,10.9892025387183,52.1348929240153,11.3369687423392,6.0,149.0,0.8209999799728394,80.6411900344491,-0.2576399886608123
77,3.64,FIDEL,2021-05-01,2021-09-18,3460.0,38.51444699910986,23.021797106981467,36761.29739971954,875.2557814109052,0.0238091646193527,2.0,32.6,15.1,31.6349470812804,18.6789874546981,49.6860654640215,13.6724890629147,6.0,140.0,0.859000027179718,80.64772890339295,-0.2727066759268443
143,1.01,OLIVIA,2021-05-02,2021-09-25,2300.0,38.48567246246097,22.96483710405656,10151.57164484832,424.9103354606897,0.0418566060828937,2.0,36.2,16.9,33.1978454589844,22.8658599853516,43.9362945556641,13.0786352157593,9.0,146.0,0.6779999732971191,63.79666943547052,-0.2770800014336903
84,1.5,FIDEL,2021-05-03,2021-09-27,2500.0,38.48307171988324,23.01703264325429,15194.966543282391,496.1103543723804,0.0326496509853592,0.0,34.3,21.2,38.9882457617149,7.31160710954318,53.7001471287419,13.4278205650134,6.0,147.0,0.7979999780654907,78.28965022287198,-0.2980000019073486
167,1.73,FIDEL,2021-05-03,2021-09-10,3200.0,38.47353403810098,23.028405807154197,17452.312300740963,563.5883757107039,0.0322930489667421,0.0,34.3,21.2,35.1961517333984,9.82142639160156,54.982421875,13.8270683288574,6.0,130.0,0.8389999866485596,77.64626872310271,-0.3234000027179718
29,1.6,FIDEL,2021-05-03,2021-09-20,3130.0,38.49067425380923,23.00450075592924,16166.484612624949,571.013335741184,0.0353208102703577,0.0,34.3,21.2,43.6748542785645,1.11344909667969,55.2116966247559,12.6651935577393,6.0,140.0,0.7950000166893005,68.14112550020218,-0.3205999910831452
85,0.3,FIDEL,2021-05-03,2021-09-27,3050.0,38.502347207296616,22.96152745261306,3213.496208451754,307.2386282735353,0.0956088348464432,0.0,34.3,21.2,31.4262542724609,27.5399932861328,41.0337524414062,35.1155242919922,6.0,147.0,0.7250000238418579,70.8450502038002,-0.3754000067710876
45,1.3,FIDEL,2021-05-03,2021-10-06,2000.0,38.51686773795804,22.98767811303964,13166.324659836828,521.6512088443591,0.0396201082930628,0.0,34.3,21.2,26.9615383148193,26.3740463256836,46.6644134521484,13.4173355102539,6.0,156.0,0.7009999752044678,74.23060256198924,-0.2849999904632568
32,1.8,FIDEL,2021-05-03,2021-10-06,3500.0,38.48569201063763,23.01044758250579,18206.824124766343,563.6057439175056,0.0309557416524304,0.0,34.3,21.2,39.2798271179199,6.50898742675781,54.2111854553223,12.3675479888916,6.0,156.0,0.8519999980926514,87.94868317345778,-0.3405999898910523
44,1.73,FIDEL,2021-05-03,2021-09-28,3300.0,38.49156318605981,23.020138113732017,17514.41262648805,588.5107457346548,0.0336015119824581,0.0,34.3,21.2,37.3178435591398,4.39212635799773,58.2900300828624,13.2044239150469,6.0,148.0,0.8190000057220459,77.45613727010787,-0.2874000012874603
56,5.0,ELPIDA,2021-05-04,2021-09-05,3700.0,38.47603768601077,23.05952130276557,50490.21464488398,900.8245920633389,0.0178415678839784,1.0,26.2,16.1,34.4176666402655,12.8817060590392,52.7006273006953,16.3241816599007,4.0,124.0,0.8529999852180481,60.90765828176187,-0.2330800008773803
57,1.03,ELPIDA,2021-05-04,2021-09-25,2900.0,38.51309983283127,22.96272403842717,10448.16199734399,477.92936987861526,0.0457429134425853,1.0,26.2,16.1,36.6571587910355,12.8426479209355,50.500193288029,12.4843572780102,4.0,144.0,0.8946000218391419,79.6656827705247,-0.3101200020313262
60,0.5,ELPIDA,2021-05-04,2021-10-04,2500.0,38.48667436633479,22.96957815510221,5086.074594492802,335.6969857121621,0.0660031581282064,1.0,26.2,16.1,34.0978050231934,20.0093994140625,45.8927955627441,18.4656257629395,4.0,153.0,0.7480000257492065,77.27229823330273,-0.3089199972152709
208,2.4,FIDEL,2021-05-04,2021-09-13,3700.0,38.46754689976083,23.050593759703748,24223.774935080208,635.5424218921044,0.0262363080731785,1.0,26.2,16.1,31.7321224212646,13.4021224975586,54.8657531738281,12.9715251922607,6.0,132.0,0.8840000033378601,70.47227094304102,-0.311919994354248
210,0.78,ST 402,2021-05-04,2021-09-23,4700.0,38.511786008068064,23.025374535898838,7926.731826703323,526.1732599184609,0.0663795964619245,1.0,26.2,16.1,36.7343254089355,17.7440338134766,45.5216407775879,13.8886184692383,11.0,142.0,0.8809999823570251,83.90683476701378,-0.283480007648468
63,1.61,LIDER,2021-05-04,2021-09-24,2900.0,38.51742560862343,22.9705652015678,16247.355834400196,524.6767229235595,0.0322930529909779,1.0,26.2,16.1,35.2793807983398,19.9336547851562,44.7869644165039,11.8913593292236,8.0,143.0,0.7900000214576721,68.50304484718122,-0.2878799986839294
205,1.05,DP 396,2021-05-04,2021-09-12,3800.0,38.4847702163013,22.99997766798656,10608.720247697,521.7658514496845,0.0491827326262988,1.0,26.2,16.1,42.1741496353753,6.1393997645198,51.6864506001049,12.0028029040819,2.0,131.0,0.8550000190734863,74.842580845356,-0.3093199956417083
203,0.3,ST 402,2021-05-05,2021-09-12,2900.0,38.53359867213072,22.960602169136465,3117.9534177584023,260.36357286089736,0.0835046384522579,2.0,30.4,12.4,33.8784484863281,21.5062103271484,44.6153411865234,12.6302289962769,11.0,130.0,0.9430000185966492,75.54166544139386,-0.3572399926185607
202,1.29,ST 402,2021-05-05,2021-09-12,2900.0,38.53446624791754,22.96025472981061,13001.264781354188,560.2192298961022,0.0430895946907829,2.0,30.4,12.4,33.8784484863281,21.5062103271484,44.6153411865234,12.6302289962769,11.0,130.0,0.8659999966621399,72.62205031871797,-0.2820399940013885
209,1.8,ST 402,2021-05-05,2021-09-21,2000.0,38.51617731915536,23.023760395312607,18185.835051630744,583.7677223053624,0.0321001329137765,2.0,30.4,12.4,32.9263968792366,21.9541771921286,45.1194259286348,13.7102545890745,11.0,139.0,0.6800000071525574,65.68638540722431,-0.3840400087833404
169,0.78,ST 402,2021-05-05,2021-09-12,3000.0,38.49835664839908,23.00762564799629,7917.390322872237,396.6098914308168,0.050093512541003,2.0,30.4,12.4,36.1897239685059,9.94221496582031,53.8680610656738,12.6983127593994,11.0,130.0,0.8190000057220459,67.75240457624196,-0.2879999995231628
66,0.26,FIDEL,2021-05-06,2021-09-20,3000.0,38.4950174238829,22.99946418740608,2627.641134719829,216.3220552075861,0.0823255703943953,1.0,29.4,16.1,30.4537315368652,19.1787567138672,50.3675117492676,12.3514204025269,6.0,137.0,0.6050000190734863,57.42308066278696,-0.3313999927043914
206,0.97,ST 402,2021-05-07,2021-09-10,2000.0,38.52210737419144,22.99614768409122,9800.2930637074,432.19495866225975,0.0441002076012166,2.0,32.6,13.9,37.6477400763942,15.1323245769953,47.2199353466105,13.7133080655332,11.0,126.0,0.8161999821662903,63.67424421159121,-0.4472399938106536
207,0.96,FIDEL,2021-05-07,2021-09-15,3300.0,38.52126198225637,22.97646873175009,9769.742396069883,513.2764047874015,0.052537352980144,2.0,32.6,13.9,39.7738456726074,15.5384979248047,44.6876564025879,12.1847944259644,6.0,131.0,0.8009999990463257,64.87796002464634,-0.3212399911880493
204,1.82,FIDEL,2021-05-07,2021-09-15,2700.0,38.497463034450114,22.969979054695443,18396.94362469055,661.1046530106596,0.0359355698695184,2.0,32.6,13.9,28.1868477371176,28.3079876580796,43.5051665121515,22.5779189761593,6.0,131.0,0.8999999761581421,73.57271976947786,-0.2817600071430206
82,1.94,ARMONIA,2021-05-09,2021-09-27,2800.0,38.52102085447213,22.95799140095273,19542.002411471287,585.1153553404658,0.0299414227375695,1.0,21.6,13.3,39.124439239502,14.1572570800781,46.7183036804199,18.0203666687012,0.0,141.0,0.8450000286102295,79.31242518574,-0.3021999955177307
